id,generated
0000aaaa,0.99800223
1111bbbb,0.99770254
2222cccc,0.9971442
